model,prompt_kind,config_id,do_sample,temperature,max_new_tokens,accuracy,f1_macro,recall_macro,precision_macro,parse_success_rate,n_parse_failed,timestamp
Qwen/Qwen2.5-1.5B-Instruct,zeroshot,zeroshot_greedy_mnt64,False,,64,0.8094462540716613,0.6843198475981206,0.7048953678395303,0.8037405026300409,1.0,0,20260616_083553
Qwen/Qwen2.5-1.5B-Instruct,zeroshot,zeroshot_t0.3_mnt64,True,0.3,64,0.8061889250814332,0.6721015243861963,0.6974594704036328,0.7934367923836857,1.0,0,20260616_083833
Qwen/Qwen2.5-1.5B-Instruct,zeroshot,zeroshot_t1.0_mnt64,True,1.0,64,0.8127035830618893,0.7164911909728451,0.7256534629123461,0.7834923251090468,0.996742671009772,2,20260616_084116
Qwen/Qwen2.5-1.5B-Instruct,zeroshot,zeroshot_greedy_mnt20,False,,20,0.8094462540716613,0.6843198475981206,0.7048953678395303,0.8037405026300409,1.0,0,20260616_084358
Qwen/Qwen2.5-1.5B-Instruct,fewshot,fewshot_greedy_mnt64,False,,64,0.9201954397394136,0.8964913085383849,0.8893473324945406,0.90704842079416,1.0,0,20260616_084655
Qwen/Qwen2.5-1.5B-Instruct,fewshot,fewshot_t0.3_mnt64,True,0.3,64,0.9201954397394136,0.8961758561177219,0.8887663962283252,0.9069394151691385,1.0,0,20260616_084955
Qwen/Qwen2.5-1.5B-Instruct,fewshot,fewshot_t1.0_mnt64,True,1.0,64,0.8859934853420195,0.8485169597099804,0.8428355532416446,0.8587392504171479,1.0,0,20260616_085255
Qwen/Qwen2.5-1.5B-Instruct,fewshot,fewshot_greedy_mnt20,False,,20,0.9201954397394136,0.8964913085383849,0.8893473324945406,0.90704842079416,1.0,0,20260616_085552
microsoft/Phi-3-mini-4k-instruct,zeroshot,zeroshot_greedy_mnt64,False,,64,0.7996742671009772,0.7324258607921511,0.7335379698323861,0.7407985720861029,1.0,0,20260616_091226
microsoft/Phi-3-mini-4k-instruct,zeroshot,zeroshot_t0.3_mnt64,True,0.3,64,0.7899022801302932,0.7201582767548768,0.7216527108912896,0.7269815119593123,1.0,0,20260616_092031
microsoft/Phi-3-mini-4k-instruct,zeroshot,zeroshot_t1.0_mnt64,True,1.0,64,0.742671009771987,0.6889470727498898,0.6952103489666942,0.6874035469649105,0.9804560260586319,12,20260616_093228
microsoft/Phi-3-mini-4k-instruct,zeroshot,zeroshot_greedy_mnt20,False,,20,0.7996742671009772,0.7324258607921511,0.7335379698323861,0.7407985720861029,1.0,0,20260616_094028
microsoft/Phi-3-mini-4k-instruct,fewshot,fewshot_greedy_mnt64,False,,64,0.8273615635179153,0.790211639082902,0.792383617510521,0.7885788638379312,1.0,0,20260616_104126
microsoft/Phi-3-mini-4k-instruct,fewshot,fewshot_t0.3_mnt64,True,0.3,64,0.8273615635179153,0.79142713178747,0.7941165921876582,0.7900605649657274,1.0,0,20260616_104737
microsoft/Phi-3-mini-4k-instruct,fewshot,fewshot_t1.0_mnt64,True,1.0,64,0.7882736156351792,0.7469693269416147,0.7483232822826732,0.7463135841094161,0.995114006514658,3,20260616_105553
microsoft/Phi-3-mini-4k-instruct,fewshot,fewshot_greedy_mnt20,False,,20,0.8273615635179153,0.790211639082902,0.792383617510521,0.7885788638379312,1.0,0,20260616_110206
Qwen/Qwen2.5-0.5B-Instruct,zeroshot,zeroshot_greedy_mnt64,False,,64,0.6824104234527687,0.6599872042473821,0.6830477099512633,0.6843482930076713,1.0,0,20260616_100022
Qwen/Qwen2.5-0.5B-Instruct,zeroshot,zeroshot_t0.3_mnt64,True,0.3,64,0.6628664495114006,0.6405056816862347,0.6633486629933331,0.669272292366709,1.0,0,20260616_100145
Qwen/Qwen2.5-0.5B-Instruct,zeroshot,zeroshot_t1.0_mnt64,True,1.0,64,0.6205211726384365,0.6057451378815654,0.6315403415911031,0.6482754655914392,1.0,0,20260616_100304
Qwen/Qwen2.5-0.5B-Instruct,zeroshot,zeroshot_greedy_mnt20,False,,20,0.6824104234527687,0.6599872042473821,0.6830477099512633,0.6843482930076713,1.0,0,20260616_100421
Qwen/Qwen2.5-0.5B-Instruct,fewshot,fewshot_greedy_mnt64,False,,64,0.749185667752443,0.7185373825051421,0.7373025583177868,0.7228033018030685,1.0,0,20260616_100544
Qwen/Qwen2.5-0.5B-Instruct,fewshot,fewshot_t0.3_mnt64,True,0.3,64,0.7345276872964169,0.7042867241568486,0.7232458385757878,0.7130084700380602,1.0,0,20260616_100711
Qwen/Qwen2.5-0.5B-Instruct,fewshot,fewshot_t1.0_mnt64,True,1.0,64,0.6758957654723127,0.645441147060774,0.6612145140063922,0.6555511528093781,1.0,0,20260616_100837
Qwen/Qwen2.5-0.5B-Instruct,fewshot,fewshot_greedy_mnt20,False,,20,0.749185667752443,0.7185373825051421,0.7373025583177868,0.7228033018030685,1.0,0,20260616_101000
