model,param_id,batch_size,truncation,max_length,accuracy,f1_macro,recall_macro,precision_macro,timestamp
Voicelab/herbert-base-cased-sentiment,ml64_trunc,16,True,64,0.6889250814332247,0.6182291913701459,0.6330709936801308,0.628949673514891,20260616_083031
Voicelab/herbert-base-cased-sentiment,ml128_trunc,16,True,128,0.745928338762215,0.6405496103300556,0.6598093915860413,0.6616602856522212,20260616_083037
Voicelab/herbert-base-cased-sentiment,ml256_trunc,16,True,256,0.762214983713355,0.6278914268729591,0.659346030919635,0.6555331088664422,20260616_083051
Voicelab/herbert-base-cased-sentiment,ml512_trunc,16,True,512,0.758957654723127,0.6262905839018132,0.6582856812298437,0.649615791241405,20260616_083107
bardsai/twitter-sentiment-pl-base,ml64_trunc,16,True,64,0.7003257328990228,0.6739625158907669,0.6958705366827195,0.6762788531646401,20260616_083125
bardsai/twitter-sentiment-pl-base,ml128_trunc,16,True,128,0.745928338762215,0.7133057509206612,0.729310309919447,0.7108208955223881,20260616_083131
bardsai/twitter-sentiment-pl-base,ml256_trunc,16,True,256,0.754071661237785,0.7170043432440938,0.7325568715924046,0.7148440093879089,20260616_083142
bardsai/twitter-sentiment-pl-base,ml512_trunc,16,True,512,0.762214983713355,0.7240271948174026,0.739274299680391,0.7220177659454144,20260616_083157
tabularisai/multilingual-sentiment-analysis,ml64_trunc,16,True,64,0.7068403908794788,0.6961823217208516,0.7130070718903205,0.6874428877671469,20260616_083207
tabularisai/multilingual-sentiment-analysis,ml128_trunc,16,True,128,0.7768729641693811,0.7667861113801204,0.7793403907617105,0.7584815077094138,20260616_083211
tabularisai/multilingual-sentiment-analysis,ml256_trunc,16,True,256,0.8273615635179153,0.815434617869211,0.8271316181468467,0.8080525053641298,20260616_083218
tabularisai/multilingual-sentiment-analysis,ml512_trunc,16,True,512,0.8534201954397395,0.841973160151817,0.8507089244652697,0.8354324661897676,20260616_083230
